id;identifier;name;active;billable;billing_address;billing_email_cc;billing_email_to;billing_notes;billing_variant;budget;budget_expenses;currency;deal;finish_date;fixed_price;hourly_rate;setting_include_time_report;customer.id;customer.name;deal.id;deal.name;leader.id;leader.firstname;leader.lastname;info;created_at;updated_at
945455175;P2102_051;Amtsblatt Friesland Nr. 4 / 2021;True;True;Landkreis Friesland,Lindenallee 1,26441 Jever;None;None;None;project;None;0.0;EUR;None;None;False;90.0;False;760409491;Landkreis Friesland (LK_Friesland);;;933615198;Erwin;Meyer;;2021-02-22T09:39:05Z;2021-03-10T07:09:19Z
945455195;P2102_052;Amtsblatt Wittmund Nr. 02 2021;True;True;Landkreis Wittmund, Am Markt 9, 26409 Wittmund;None;None;None;project;None;0.0;EUR;None;2021-02-26;False;90.0;False;760418923;Landkreis Wittmund (LK_WTM);;;933615198;Erwin;Meyer;;2021-02-22T09:45:55Z;2021-03-01T06:36:37Z
945451002;P2102_038;Anhänger und Beipackzettel Insektenhotel;True;True;Gemeinnützige Gesellschaft,für Paritätische Sozialarbeit mbH Wilhelmshaven,Banter Weg 12,26389 Wilhelmshaven;None;None;None;project;None;0.0;EUR;None;None;False;90.0;False;760726477;Gemeinnützige Gesellschaft für Paritätische Sozialarbeit mbH Wilhelmshaven (GPS);;;933615134;Thomke;Müller;;2021-02-17T08:02:59Z;2021-02-22T11:05:53Z
945363853;P2011_047;An Weihnachten denken;True;True;Kaufhaus Behrends GmbH & Co. KG, Hauptstraße 138, 26639 Wiesmoor;None;None;None;project;None;0.0;EUR;None;None;False;90.0;False;760504841;Kaufhaus Behrends GmbH & Co. KG (Behrends);;;933610913;Mareike;Gatzke;;2020-11-17T10:10:36Z;2020-11-18T08:31:28Z
945343670;P2010_070;Anzeige 3 Zeitungen zu Hause AH/JW/WZ;True;True;Brune-Mettcker Druck- und Verlags-GmbH, Am Markt 18, 26409 Wittmund;None;None;None;project;None;0.0;EUR;None;2020-10-27;False;90.0;False;760406040;Brune-Mettcker Druck- und Verlags-GmbH (BM);;;933616551;Marketing;AH/JW;JJK:,AH – #105310 (ET: 28.10.2020),JW – #105335 (ET: 28.10.2020), WZ-Druckdatei an versenden;2020-10-26T13:57:36Z;2021-03-01T09:37:09Z
945395914;P2012_057;Anzeige Ansprechpartner Medienberater/LeserService AH/JW 2021;True;True;Brune-Mettcker Druck- und Verlags-GmbH, Am Markt 18, 26409 Wittmund;None;None;None;project;None;0.0;EUR;None;None;False;90.0;False;760406040;Brune-Mettcker Druck- und Verlags-GmbH (BM);;;933616551;Marketing;AH/JW;Anzeige noch nicht in JJK angelegt wird als Füller spontan mitgenommen;2020-12-21T12:33:49Z;2021-01-04T08:23:01Z
945464131;P2103_002;Anzeige Behrends für OZ;True;True;Kaufhaus Behrends GmbH & Co. KG, Hauptstraße 138, 26639 Wiesmoor;None;None;None;project;None;0.0;EUR;None;None;False;90.0;False;760504841;Kaufhaus Behrends GmbH & Co. KG (Behrends);;;933610914;Julia;Schmidt;;2021-03-02T11:03:41Z;2021-03-02T11:35:53Z
945466964;P2103_008;Anzeige Edeka Behrends Remels;True;True;Kaufhaus Behrends GmbH & Co. KG, Hauptstraße 138, 26639 Wiesmoor;None;None;None;project;None;0.0;EUR;None;None;False;90.0;False;760504841;Kaufhaus Behrends GmbH & Co. KG (Behrends);;;933610914;Julia;Schmidt;;2021-03-04T10:25:39Z;2021-03-04T10:25:39Z
945440853;P2102_014;Anzeige ePaper-App-Funktionen Korrektur;True;True;Brune-Mettcker Druck- und Verlags-GmbH, Am Markt 18, 26409 Wittmund;None;None;None;project;None;0.0;EUR;None;2020-12-18;False;90.0;False;760406040;Brune-Mettcker Druck- und Verlags-GmbH (BM);;;933616551;Marketing;AH/JW;;2021-02-05T12:00:59Z;2021-02-05T12:00:59Z
945428551;P2101_051;Anzeige ePaper-App-Funktionen WZ;True;True;Brune-Mettcker Druck- und Verlags-GmbH, Am Markt 18, 26409 Wittmund;None;None;None;project;None;0.0;EUR;None;None;False;90.0;False;760406040;Brune-Mettcker Druck- und Verlags-GmbH (BM);;;933616551;Marketing;AH/JW;;2021-01-26T11:10:38Z;2021-01-26T11:10:38Z
945420616;P2101_037;Anzeige Erreichbarkeit ServiceCenter 01/2021;True;True;Brune-Mettcker Druck- und Verlags-GmbH, Am Markt 18, 26409 Wittmund;None;None;None;project;None;0.0;EUR;None;None;False;90.0;False;760406040;Brune-Mettcker Druck- und Verlags-GmbH (BM);;;933615134;Thomke;Müller;Anzeigen wird von Wiebke (wto) bearbeitet, Bitte auf die JJK-Nummern legen: ,AH #109363;2021-01-19T08:02:59Z;2021-01-25T09:26:10Z
945448838;P2102_035;Anzeige Hafenhandbuch;True;True;Nietiedt Verwaltungs-GmbH, Zum Ölhafen 6, 26384 Wilhelmshaven;None;None;None;project;None;0.0;EUR;None;None;False;90.0;False;760567100;Nietiedt Verwaltungs-GmbH (Nietiedt);;;933611423;Alexandra;Kirchhoff;;2021-02-15T11:59:00Z;2021-02-15T15:12:45Z
945329595;P2010_014;Anzeige Herbstfestival;True;True;AS Bekleidungswerk GmbH,Hauptstraße 6,26409 Wittmund-Leerhafe;None;None;None;project;None;0.0;EUR;None;2020-10-13;False;90.0;False;760553794;modAS Bekleidung (modAS);;;933610101;André;Klattenberg;JJK: #104376,ET: Mi. 14.10.2019;2020-10-08T05:53:28Z;2020-10-08T05:56:46Z
945471253;P2103_021;Anzeige Jever;True;True;Brillen Babatz GmbH, Marktstraße 37, 26382 Wilhelmshaven;None;None;None;project;None;0.0;EUR;None;None;False;90.0;False;760397586;Brillen Babatz GmbH (Brillen_Babatz);;;933610914;Julia;Schmidt;;2021-03-09T11:49:33Z;2021-03-09T11:49:33Z
945448925;P2102_036;Anzeigen 2021;True;True;badberg ,Elektro- Sanitär und Wärmetechnik GmbH & Co. KG,Frieslandstraße 26,26446 Friedeburg;None;None;None;project;None;0.0;EUR;None;None;False;90.0;False;760733849;badberg Elektro- Sanitär und Wärmetechnik GmbH & Co. KG;;;933610101;André;Klattenberg;;2021-02-15T12:52:45Z;2021-02-22T08:55:03Z
945412036;P2101_017;Anzeigen Kleinanzeigen26 (Umgestaltung);True;True;Brune-Mettcker Druck- und Verlags-GmbH, Am Markt 18, 26409 Wittmund;None;None;None;project;None;0.0;EUR;None;None;False;90.0;False;760406040;Brune-Mettcker Druck- und Verlags-GmbH (BM);;;933616551;Marketing;AH/JW;;2021-01-11T15:02:25Z;2021-01-12T11:51:47Z
945399191;P2012_064;Anzeigen Lokal26-App;True;True;Brune-Mettcker Druck- und Verlags-GmbH, Am Markt 18, 26409 Wittmund;None;None;None;project;None;0.0;EUR;None;None;False;90.0;False;760406040;Brune-Mettcker Druck- und Verlags-GmbH (BM);;;933611423;Alexandra;Kirchhoff;;2020-12-30T11:09:56Z;2020-12-30T12:45:19Z
945142564;P2002_022;Anzeigen-Manual;True;True;Stadtwerke-Verkehrsgesellschaft Wilhelmshaven GmbH, Freiligrathstraße 416, 26386 Wilhelmshaven;None;None;None;project;1000.0;0.0;EUR;;None;False;90.0;False;760496034;Stadtwerke-Verkehrsgesellschaft Wilhelmshaven GmbH (SWWV);104459;Erstellung eines Anzeigen-Manuals;933613815;Christian;Hinze;;2020-02-11T14:56:22Z;2020-02-13T08:24:26Z
945455712;P2102_058;Anzeigenmuster;True;True;Brune-Mettcker Druck- und Verlags-GmbH, Am Markt 18, 26409 Wittmund;None;None;None;project;None;0.0;EUR;None;2021-02-24;False;90.0;False;760406040;Brune-Mettcker Druck- und Verlags-GmbH (BM);;;933616551;Marketing;AH/JW;;2021-02-22T13:58:02Z;2021-02-22T13:58:02Z
945380531;P2012_010;Anzeigen Öffnungszeiten Feiertage;True;True;Brune-Mettcker Druck- und Verlags-GmbH, Am Markt 18, 26409 Wittmund;None;None;None;project;None;0.0;EUR;None;None;False;90.0;False;760406040;Brune-Mettcker Druck- und Verlags-GmbH (BM);;;933616551;Marketing;AH/JW;Anzeigeaufträge über JJK folgen noch!;2020-12-03T10:16:18Z;2020-12-08T10:47:51Z
945393264;P2012_047;Anzeigen-Spezial "Online-Shops";True;True;Brune-Mettcker Druck- und Verlags-GmbH, Am Markt 18, 26409 Wittmund;None;None;None;project;200.0;0.0;EUR;None;None;False;90.0;False;760406040;Brune-Mettcker Druck- und Verlags-GmbH (BM);;;933613815;Christian;Hinze;;2020-12-17T09:49:13Z;2020-12-30T04:02:49Z
945456292;P2102_061;Anzeige Osterrätsel 2021;True;True;Brune-Mettcker Druck- und Verlags-GmbH, Am Markt 18, 26409 Wittmund;None;None;None;project;None;0.0;EUR;None;2021-03-13;False;90.0;False;760406040;Brune-Mettcker Druck- und Verlags-GmbH (BM);;;933616551;Marketing;AH/JW;Neues Rätsel liegt noch nicht vor solange mit Platzhalter arbeiten.,Alle weiteren Vorlagen siehe Anlagen.,Nach Freigabe auf JJK#111628  / 3.4.21 legen;2021-02-23T07:58:47Z;2021-03-08T08:27:19Z
945395931;P2012_058;Anzeige Redaktion in 2021 AH/JW;True;True;Brune-Mettcker Druck- und Verlags-GmbH, Am Markt 18, 26409 Wittmund;None;None;None;project;None;0.0;EUR;None;None;False;90.0;False;760406040;Brune-Mettcker Druck- und Verlags-GmbH (BM);;;933616551;Marketing;AH/JW;Anzeige noch nicht in JJK wird spontan mitgenommen;2020-12-21T12:40:14Z;2021-01-04T08:21:57Z
945415904;P2101_025;Anzeige SoV Lokale Unternehmen;True;True;Brune-Mettcker Druck- und Verlags-GmbH, Am Markt 18, 26409 Wittmund;None;None;None;project;None;0.0;EUR;None;None;False;90.0;False;760406040;Brune-Mettcker Druck- und Verlags-GmbH (BM);;;933610914;Julia;Schmidt;;2021-01-14T08:25:55Z;2021-01-25T08:40:46Z
945471258;P2103_022;Anzeige Speisekarte;True;True;Brillen Babatz GmbH, Marktstraße 37, 26382 Wilhelmshaven;None;None;None;project;None;0.0;EUR;None;None;False;90.0;False;760397586;Brillen Babatz GmbH (Brillen_Babatz);;;933610914;Julia;Schmidt;;2021-03-09T11:51:34Z;2021-03-09T11:51:34Z
945468099;P2103_013;Anzeige Termin-Shopping;True;True;Kaufhaus Behrends GmbH & Co. KG, Hauptstraße 138, 26639 Wiesmoor;None;None;None;project;None;0.0;EUR;None;2021-03-08;False;90.0;False;760504841;Kaufhaus Behrends GmbH & Co. KG (Behrends);;;933610913;Mareike;Gatzke;;2021-03-05T08:49:08Z;2021-03-05T08:49:08Z
945469538;P2103_016;Anzeige Terminshopping;True;True;AS Bekleidungswerk GmbH,Hauptstraße 6,26409 Wittmund-Leerhafe;None;None;None;project;None;0.0;EUR;None;2021-03-08;False;90.0;False;760553794;modAS Bekleidung (modAS);;;933610101;André;Klattenberg;JJK: #111641,ET: Di. 9.3.2021;2021-03-08T09:44:45Z;2021-03-08T09:44:45Z
945363909;P2011_049;Anzeige Weihnachtsbäckerei;True;True;Kaufhaus Behrends GmbH & Co. KG, Hauptstraße 138, 26639 Wiesmoor;None;None;None;project;None;0.0;EUR;None;2020-11-18;False;90.0;False;760504841;Kaufhaus Behrends GmbH & Co. KG (Behrends);;;933610913;Mareike;Gatzke;;2020-11-17T10:40:05Z;2020-11-17T10:40:05Z
945470671;P2103_019;Anzeige Wir freuen uns auf euch;True;True;Brillen Babatz GmbH, Marktstraße 37, 26382 Wilhelmshaven;None;None;None;project;None;0.0;EUR;None;None;False;90.0;False;760397586;Brillen Babatz GmbH (Brillen_Babatz);;;933610914;Julia;Schmidt;;2021-03-09T07:06:55Z;2021-03-09T07:25:51Z
945389917;P2012_039;Anzeige Wir sind für Sie da;True;True;Kaufhaus Behrends GmbH & Co. KG, Hauptstraße 138, 26639 Wiesmoor;None;None;None;project;None;0.0;EUR;None;2020-12-16;False;90.0;False;760504841;Kaufhaus Behrends GmbH & Co. KG (Behrends);;;933610913;Mareike;Gatzke;;2020-12-14T12:56:38Z;2020-12-15T06:52:05Z
945435822;P2102_004;Anzeige WV Ammerland;True;True;Gemeinnützige Gesellschaft,für Paritätische Sozialarbeit mbH Wilhelmshaven,Banter Weg 12,26389 Wilhelmshaven;None;None;None;project;None;0.0;EUR;None;None;False;90.0;False;760726477;Gemeinnützige Gesellschaft für Paritätische Sozialarbeit mbH Wilhelmshaven (GPS);;;933615134;Thomke;Müller;;2021-02-02T08:03:48Z;2021-02-02T10:39:28Z
945456791;P2102_064;Barrierefreie Handlungsanleitung Sichere und gesunde Arbeit;True;True;Unfallversicherung Bund und Bahn, Weserstraße 47, 26382 Wilhelmshaven;None;None;None;project;1000.0;0.0;EUR;;2021-05-01;False;90.0;False;760509260;Unfallversicherung Bund und Bahn (UVB);260563;Leitfaden/Fragebogen Sichere und gesunde Arbeit;933615134;Thomke;Müller;Zugangsdaten für das Corporate Design Service Portal:,Startseite - Corporate Design Service Portal (dguv.de),Benutzername: Gast ,Passwort: CD-pw-999;2021-02-23T11:49:23Z;2021-03-05T13:09:01Z
945437932;P2102_008;Beilage Ostern 2021;True;True;Brillen Babatz GmbH, Marktstraße 37, 26382 Wilhelmshaven;None;None;None;project;None;0.0;EUR;None;None;False;90.0;False;760397586;Brillen Babatz GmbH (Brillen_Babatz);;;933610914;Julia;Schmidt;;2021-02-03T11:10:33Z;2021-02-03T11:11:26Z
945424136;P2101_042;Beilage Schlussverkauf 2021 Frischer Wind;True;True;Brillen Babatz GmbH, Marktstraße 37, 26382 Wilhelmshaven;None;None;None;project;None;0.0;EUR;None;None;False;90.0;False;760397586;Brillen Babatz GmbH (Brillen_Babatz);;;933610914;Julia;Schmidt;;2021-01-21T11:09:18Z;2021-02-04T11:01:51Z
945413854;P2101_020;Beklebung und Beschilderung Praxisräume;True;True;Tierarztpraxis Friesland,Dr. Jan Ennen & Dr. Jan- Philip Kriewitz,Horster Str. 12,26452 Sande- Neustadtgödens;None;None;None;project;None;0.0;EUR;None;None;False;90.0;False;760881340;Tierarztpraxis Friesland;;;933615134;Thomke;Müller;;2021-01-12T15:35:52Z;2021-02-05T08:17:09Z
945207946;P2005_008;Brandbook;True;True;Nietiedt Verwaltungs-GmbH, Zum Ölhafen 6, 26384 Wilhelmshaven;None;None;None;project;None;0.0;EUR;;None;False;90.0;False;760567100;Nietiedt Verwaltungs-GmbH (Nietiedt);182405;Website-Erstellung / Erweiterung des Brandbooks / Digitalmarketing;933610101;André;Klattenberg;;2020-05-06T11:12:58Z;2020-05-06T11:13:50Z
945416030;P2101_026;Briefbogen;True;True;Tierarztpraxis Friesland,Dr. Jan Ennen & Dr. Jan- Philip Kriewitz,Horster Str. 12,26452 Sande- Neustadtgödens;None;None;None;project;None;0.0;EUR;None;None;False;90.0;False;760881340;Tierarztpraxis Friesland;;;933610913;Mareike;Gatzke;;2021-01-14T09:06:12Z;2021-01-14T09:08:04Z
945453600;P2102_048;Briefbogen Tourist-Info Friedeburg;True;True;Tourist-Information ,der Gemeinde Friedeburg,Friedeburger Hauptstraße 60,26446 Friedeburg;None;None;None;project;169.0;0.0;EUR;;None;False;90.0;False;760406271;Tourist-Info Friedeburg (Tourist_Info_Friedeburg);268894;Briefbogen Tourist-Info Friedeburg;933615197;Astrid;Funk;;2021-02-19T08:11:43Z;2021-02-19T08:11:43Z
945412435;P2101_018;Briefbogen Webshop;True;True;tomBrook GmbH, c/o AS Bekleidungswerk GmbH, Heglitzer Straße 12, 26409 Wittmund-Ardorf;None;None;None;project;None;0.0;EUR;None;2021-01-14;False;90.0;False;760640062;tomBrook GmbH (tomBrook);;;933610101;André;Klattenberg;;2021-01-12T05:33:37Z;2021-01-12T05:33:37Z
945453559;P2102_047;Briefumschläge DIN C4;True;True;Tourist-Information ,der Gemeinde Friedeburg,Friedeburger Hauptstraße 60,26446 Friedeburg;None;None;None;project;269.0;0.0;EUR;;None;False;90.0;False;760406271;Tourist-Info Friedeburg (Tourist_Info_Friedeburg);268910;Briefumschläge DIN C4;933615197;Astrid;Funk;;2021-02-19T07:23:44Z;2021-02-24T04:06:10Z
944967928;P1906_084;Broschüren/Website Padtberg;True;True;Nietiedt Verwaltungs-GmbH, Zum Ölhafen 6, 26384 Wilhelmshaven;None;None;None;project;8000.0;0.0;EUR;None;None;False;90.0;False;760567100;Nietiedt Verwaltungs-GmbH (Nietiedt);;;933613815;Christian;Hinze;Broschüren zu 80% abgerechnet über WTM am 29.5.2020 (akl);2019-06-28T10:12:11Z;2021-01-08T08:12:35Z
945417812;P2101_030;Broschüre Produkte;True;True;Gemeinnützige Gesellschaft,für Paritätische Sozialarbeit mbH Wilhelmshaven,Banter Weg 12,26389 Wilhelmshaven;None;None;None;project;None;0.0;EUR;None;None;False;90.0;False;760726477;Gemeinnützige Gesellschaft für Paritätische Sozialarbeit mbH Wilhelmshaven (GPS);;;933615134;Thomke;Müller;Auftrag wurde nach erstem KA von einer mehrseitigen Broschüre zu einem 4-seitigen Faltblatt.;2021-01-15T10:24:31Z;2021-03-05T13:21:53Z
945453064;P2102_045;Broschüre Regionales Raumordnungsprogramm 2020;True;True;Landkreis Friesland,Lindenallee 1,26441 Jever;None;None;None;project;1000.0;0.0;EUR;;None;False;90.0;False;760409491;Landkreis Friesland (LK_Friesland);260602;Broschüre Regionales Raumordnungsprogramm 2020;933615134;Thomke;Müller;;2021-02-18T13:50:43Z;2021-03-02T15:17:49Z
945365405;P2011_054;Bücher Rückblicke/Verabschiedung Vorstand;True;True;Volksbank Jever eG,Schloßplatz 3,26441 Jever;None;None;None;project;None;0.0;EUR;None;2021-02-22;False;90.0;False;760547549;Volksbank Jever eG (Voba_Jever);;;933615198;Erwin;Meyer;;2020-11-18T11:35:38Z;2021-01-07T09:26:43Z
945398766;P2012_063;Buch Gleich um die Ecke;True;True;Heimatverein für Stadt und Amt Esens, Klosterweg 7, 26427 Esens;None;None;None;project;10.0;0.0;EUR;;None;False;90.0;False;760900914;Heimatverein für Stadt und Amt Esens e.V.;246948;Gleich um die Ecke;933615198;Erwin;Meyer;;2020-12-29T08:07:08Z;2021-01-04T07:36:44Z
945135508;P2002_009;City Quartier Digitalmarketing;True;True;Scheller Projektlogistik GmbH & Co. KG,Südstrand 2b,26382 Wilhelmshaven;None;None;None;project;300.0;0.0;EUR;None;None;False;90.0;False;760732499;Scheller Projektlogistik GmbH & Co. KG;;;933613815;Christian;Hinze;;2020-02-04T10:18:54Z;2020-02-05T04:06:03Z
945445712;P2102_025;Corporate Design;True;True;Werbeagentur Petersilie, Friedrich-Barnutz-Straße 34, 26441 Jever;None;None;None;project;None;0.0;EUR;None;None;False;65.0;False;760506943;Werbeagentur Petersilie (Petersilie);;;933610101;André;Klattenberg;;2021-02-11T07:36:24Z;2021-03-09T09:10:08Z
945359399;P2011_028;Corporate Design Instagram;True;False;;None;None;None;project;None;0.0;EUR;None;None;False;90.0;False;760397561;DOCK26;;;933611423;Alexandra;Kirchhoff;;2020-11-11T14:48:45Z;2020-11-12T06:12:37Z
945143968;P2002_029;Corporate Design Medienhaus BM;True;True;Brune-Mettcker Druck- und Verlags-GmbH, Am Markt 18, 26409 Wittmund;None;None;None;project;None;0.0;EUR;None;2020-02-26;False;90.0;False;760406040;Brune-Mettcker Druck- und Verlags-GmbH (BM);;;933610101;André;Klattenberg;;2020-02-13T06:43:17Z;2020-10-08T06:01:39Z
945331174;P2010_021;Dienstleistungs-Claims mit Bild;True;True;Nietiedt Verwaltungs-GmbH, Zum Ölhafen 6, 26384 Wilhelmshaven;None;None;None;project;1000.0;0.0;EUR;;None;False;90.0;False;760567100;Nietiedt Verwaltungs-GmbH (Nietiedt);231581;Dienstleistungs-Claims mit Bild;933615134;Thomke;Müller;Frau Eckstein ist mit der Entwicklung der Texte beauftragt sie ist jedoch in der 42. KW abwesend sodass wir ihre Vorschläge voraussichtlich erst in der 43. KW erhalten;2020-10-09T10:47:39Z;2020-10-09T10:47:39Z
945015225;P1909_036;Digitalmarketing;True;True;Hanken Meyer & Partner, Dohuser Weg 5, 26409 Wittmund;None;None;None;project;500.0;0.0;EUR;;None;False;90.0;False;760514639;Hanken Meyer & Partner (RA_Hanken);126620;Digitalmarketing;933613815;Christian;Hinze;;2019-09-12T12:33:52Z;2019-12-03T04:02:36Z
945148078;P2002_046;Digitalmarketing;True;True;Volksbank Jever Immobilien GmbH,Schloßplatz 3,26441 Jever;None;None;None;project;6000.0;0.0;EUR;;None;False;90.0;False;760496042;Volksbank Jever Immobilien GmbH (Voba_Immo_Jever);109658;Digitalmarketing;933613815;Christian;Hinze;;2020-02-17T16:53:54Z;2020-02-17T16:53:54Z
945284166;P2008_015;Digitalmarketing (Google AdWords);True;True;Ingenieurbüro Mantay - Planungsbüro für Architektur Gebäudetechnik und Energieberatung,An der Junkerei 4,26389 Wilhelmshaven,Deutschland;None;None;None;project;700.0;0.0;EUR;;None;False;90.0;False;760804892;Ingenieurbüro Mantay - Planungsbüro für Architektur Gebäudetechnik und Energieberatung;199083;Digitalmarketing (Google AdWords);933613815;Christian;Hinze;;2020-08-10T10:02:31Z;2020-08-10T10:02:31Z
944991302;P1908_013;Digitalmarketing Hotel Home;True;True;Home Hotelbetrieb GmbH & Co.KG, Börsenstraße 78-80, 26382 Wilhelmshaven;None;None;None;project;1000.0;0.0;EUR;;None;False;90.0;False;760589500;Home Hotelbetrieb GmbH & Co.KG;126601;Digitalmarketing Ferienwohnungen;933613815;Christian;Hinze;;2019-08-07T09:22:04Z;2019-11-07T04:00:11Z
944957989;P1906_021;Digitalmarketing & Website-Support;True;True;HEINRICH PETZHOLD GmbH & Co. KG, Guido Schöttler, Prinzipalmarkt 5, 48143 Münster;None;None;None;project;350.0;0.0;EUR;None;None;False;90.0;False;760578688;HEINRICH PETZHOLD GmbH & Co. KG;;;933613815;Christian;Hinze;;2019-06-11T09:09:40Z;2019-07-19T03:00:22Z
945124816;P2001_067;Drucksachen 2020;True;True;;None;None;None;project;None;0.0;EUR;None;2020-12-31;False;90.0;False;760727947;ServiceCenter (9000/9100/9200);;;933610101;André;Klattenberg;Projekt für die Zeiterfassung bei Satz von Drucksachen;2020-01-23T14:37:43Z;2020-01-23T14:42:10Z
945470227;P2103_017;Eigenanzeige zur SOV Wohnwagen/Wohnmobile;True;True;Brune-Mettcker Druck- und Verlags-GmbH, Am Markt 18, 26409 Wittmund;None;None;None;project;None;0.0;EUR;None;2021-03-12;False;65.0;False;760406040;Brune-Mettcker Druck- und Verlags-GmbH (BM);;;933616551;Marketing;AH/JW;;2021-03-08T14:39:03Z;2021-03-08T14:39:03Z
945442435;P2102_017;E-Mail-Signatur;True;True;Tierarztpraxis Friesland,Dr. Jan Ennen & Dr. Jan- Philip Kriewitz,Horster Str. 12,26452 Sande- Neustadtgödens;None;None;None;project;210.0;0.0;EUR;None;None;False;90.0;False;760881340;Tierarztpraxis Friesland;;;933613815;Christian;Hinze;;2021-02-08T12:55:22Z;2021-02-08T12:55:22Z
945453655;P2102_049;Endlos-Reparatursätze 2021;True;True;Taddicken GmbH, Emder Straße 1, 26427 Esens;None;None;None;project;None;0.0;EUR;None;None;False;90.0;False;760562803;Taddicken GmbH (Taddicken);;;933615198;Erwin;Meyer;;2021-02-19T08:33:51Z;2021-03-02T07:48:27Z
945387369;P2012_028;Erstellung Website;True;True;Fa. Hermann Oldewurtel, Utgaster Straße 55, 26427 Utgast/Holtgast;None;None;None;project;3299.0;0.0;EUR;None;None;False;90.0;False;760736411;Fa. Hermann Oldewurtel;;;933615199;Kim;Metzer;;2020-12-10T13:57:31Z;2020-12-10T14:00:10Z
944867276;P1901-022;Facebook-Betreuung;True;True;Brillen Babatz GmbH, Marktstraße 37, 26382 Wilhelmshaven;None;None;None;project;None;0.0;EUR;None;None;False;90.0;False;760397586;Brillen Babatz GmbH (Brillen_Babatz);;;933611423;Alexandra;Kirchhoff;Dies ist der Sammelvorgang für die Betreuung des Brillen Babatz Facebook-Accounts zur Zeiterfassung. Abrechnung läuft über die Pauschale.;2019-01-10T10:30:06Z;2019-01-10T10:36:21Z
945465844;P2103_006;Facebook Titelbild;True;True;Brillen Babatz GmbH, Marktstraße 37, 26382 Wilhelmshaven;None;None;None;project;None;0.0;EUR;None;None;False;90.0;False;760397586;Brillen Babatz GmbH (Brillen_Babatz);;;933611423;Alexandra;Kirchhoff;;2021-03-03T13:18:16Z;2021-03-03T13:18:16Z
945375181;P2011_079;Facelift - van Büren;True;True;van Büren Garten- Landschafts- und Kulturbau GmbH, Emsstraße 68, 26382 Wilhelmshaven;None;None;None;project;1000.0;0.0;EUR;None;None;False;90.0;False;760545706;van Büren Garten- Landschafts- und Kulturbau GmbH;;;933615099;Chiara;Schröter;;2020-11-27T13:05:58Z;2020-11-27T13:05:58Z
945417852;P2101_032;Faltblatt Gartenbank Ammerland;True;True;Gemeinnützige Gesellschaft,für Paritätische Sozialarbeit mbH Wilhelmshaven,Banter Weg 12,26389 Wilhelmshaven;None;None;None;project;1000.0;0.0;EUR;;None;False;90.0;False;760726477;Gemeinnützige Gesellschaft für Paritätische Sozialarbeit mbH Wilhelmshaven (GPS);257319;Faltblätter Holz;933615134;Thomke;Müller;;2021-01-15T10:46:52Z;2021-02-25T08:26:24Z
945327370;P2010_008;Faltblatt Kindergarten Leuchtfeuer;True;True;Gemeinnützige Gesellschaft,für Paritätische Sozialarbeit mbH Wilhelmshaven,Banter Weg 12,26389 Wilhelmshaven;None;None;None;project;None;0.0;EUR;None;None;False;90.0;False;760726477;Gemeinnützige Gesellschaft für Paritätische Sozialarbeit mbH Wilhelmshaven (GPS);;;933615134;Thomke;Müller;Da tmu vom 12.-16.10. im Urlaub ist bitte selbst den Korrekturabzug verschicken.;2020-10-06T08:03:30Z;2021-03-01T12:20:40Z
945447118;P2102_033;Faltblatt und Signet GIA;True;True;Gemeinnützige Gesellschaft,für Paritätische Sozialarbeit mbH Wilhelmshaven,Banter Weg 12,26389 Wilhelmshaven;None;None;None;project;None;0.0;EUR;None;None;False;90.0;False;760726477;Gemeinnützige Gesellschaft für Paritätische Sozialarbeit mbH Wilhelmshaven (GPS);;;933615134;Thomke;Müller;EILT!,Programm soll am 15.3. 2021 starten. Es wäre gut wenn wir den Auftrag auf unserer Seite möglichst zügig abwickeln.;2021-02-12T09:52:08Z;2021-02-15T07:55:10Z
945467380;P2103_010;Faltblatt Wohnen WV Ammerland;True;True;Gemeinnützige Gesellschaft,für Paritätische Sozialarbeit mbH Wilhelmshaven,Banter Weg 12,26389 Wilhelmshaven;None;None;None;project;None;0.0;EUR;None;None;False;90.0;False;760726477;Gemeinnützige Gesellschaft für Paritätische Sozialarbeit mbH Wilhelmshaven (GPS);;;933615134;Thomke;Müller;;2021-03-04T13:44:05Z;2021-03-08T09:31:03Z
945313090;P2009_044;Familienkalender Sillenstede 2021;True;True;Brune-Mettcker Druck- und Verlags-GmbH, Am Markt 18, 26409 Wittmund;None;None;None;project;None;0.0;EUR;None;None;False;90.0;False;760406040;Brune-Mettcker Druck- und Verlags-GmbH (BM);;;933615197;Astrid;Funk;Korrekturabzug zu Frau Dorothea Busma (Kirchenbüro Sillenstede):,dbusma@kirchenserver.de,und zu Jan Bölts (Vorsitzender Dorfgemeinschaft Sillenstede):,janboelts@outlook.de;2020-09-18T06:59:07Z;2020-12-10T06:38:49Z
945385133;P2012_020;Flyer Esenser Weihnachtsverlosung 2020;True;True;Brune-Mettcker Druck- und Verlags-GmbH, Am Markt 18, 26409 Wittmund;None;None;None;project;None;0.0;EUR;None;None;False;90.0;False;760406040;Brune-Mettcker Druck- und Verlags-GmbH (BM);;;933616551;Marketing;AH/JW;Beilage im AH am Donnerstag 17. Dezember 2020 –,Teilauflage Samtgemeinde Esens inkl. Moorweg;2020-12-08T14:59:35Z;2020-12-09T14:07:13Z
945165218;P2003_022;Flyer Freundschaft Schlossmuseum;True;True;Freundeskreis Schlossmuseum e.V.,Jeversche Landstraße 35 a,26419 Schortens;None;None;None;project;None;0.0;EUR;None;None;False;90.0;False;760761424;Freundeskreis Schlossmusuem Jever e.V. (FK_Schlossmuseum);;;933615198;Erwin;Meyer;;2020-03-06T06:33:32Z;2020-03-06T06:41:27Z
945446388;P2102_029;Flyer Frühlingsabo;True;True;Brune-Mettcker Druck- und Verlags-GmbH, Am Markt 18, 26409 Wittmund;None;None;None;project;None;0.0;EUR;None;2021-03-01;False;90.0;False;760406040;Brune-Mettcker Druck- und Verlags-GmbH (BM);;;933616551;Marketing;AH/JW;Anlieferung bitte an die Druckerei WHV: 4.3.21 (8.900 Stück) / Verlag WTM: z.Hd. Bettina Wilken (ca. 100 Stück), Erscheinungstag Sa. 06.03.2021 (Anlieferung bei der Druckerei bis zum 04.03.2021), JW:            900 Stück,AH:        1.500 Stück, Erscheinungstag Mi. 10.03.2021 (Anlieferung bei der Druckerei bis zum 08.03.2021), JW:            600 Stück,AH:        1.000 Stück, Erscheinungstag Sa. 13.03.2021 (Anlieferung bei der Druckerei bis zum 11.03.2021), JW:            900 Stück,AH:        1.500 Stück, ,Erscheinungstag Sa. 20.03.2021 (Anlieferung bei der Druckerei bis zum 18.03.2021), JW:            950 Stück,AH:        1.550 Stück;2021-02-11T13:27:28Z;2021-03-01T09:33:05Z
945425454;P2101_045;Flyer Hinweis Vielzweckkarton;True;True;tomBrook GmbH,Pfälzerstraße 23,26607 Aurich;None;None;None;project;None;0.0;EUR;None;None;False;90.0;False;760640062;tomBrook GmbH (tomBrook);;;933610913;Mareike;Gatzke;;2021-01-22T11:46:41Z;2021-01-25T10:20:44Z
945379710;P2012_007;Flyer Jahresstart-Abo 2021;True;True;Brune-Mettcker Druck- und Verlags-GmbH, Am Markt 18, 26409 Wittmund;None;None;None;project;None;0.0;EUR;None;2020-12-11;False;90.0;False;760406040;Brune-Mettcker Druck- und Verlags-GmbH (BM);;;933616551;Marketing;AH/JW;Gesamtmenge: 14.500,Davon bitte 350 in den Verlag WTM liefern (z. Hdn. Katharina Wehmeyer), Erscheinungstag Mi. 30.12.2020 (Anlieferung bei der Druckerei bis zum 28.12.2020), JW:        1.000 Stück,AH:        1.500 Stück, Erscheinungstag Sa. 02.01.2021 (Anlieferung bei der Druckerei bis zum 29.12.2020), JW:        1.100 Stück,AH:        1.750 Stück, Erscheinungstag Mi. 06.01.2021 (Anlieferung bei der Druckerei bis zum 04.01.2021), JW:            700 Stück,AH:        1.100 Stück, Erscheinungstag Sa. 09.01.2021 (Anlieferung bei der Druckerei bis zum 07.01.2021), JW:        1.000 Stück,AH:        1.600 Stück, Erscheinungstag Mi. 13.01.2021 (Anlieferung bei der Druckerei bis zum 11.01.2021), JW:            700 Stück,AH:        1.100 Stück, Erscheinungstag Sa. 16.01.2021 (Anlieferung bei der Druckerei bis zum 14.01.2021), JW:        1.000 Stück,AH:        1.600 Stück;2020-12-02T14:00:19Z;2020-12-11T07:51:46Z
945404959;P2101_006;Flyer Kontomodelle;True;True;Volksbank Jever eG,Schloßplatz 3,26441 Jever;None;None;None;project;1440.0;0.0;EUR;None;None;False;90.0;False;760547549;Volksbank Jever eG (Voba_Jever);;;933615134;Thomke;Müller;Privatkunden - 1.500 Exemplare,Firmenkunden - 500 Exemplare;2021-01-05T12:28:10Z;2021-01-05T12:29:47Z
945433812;P2102_001;Flyer Kontomodelle Änderung;True;True;Volksbank Jever eG,Schloßplatz 3,26441 Jever;None;None;None;project;1440.0;0.0;EUR;None;None;False;90.0;False;760547549;Volksbank Jever eG (Voba_Jever);;;933615134;Thomke;Müller;;2021-02-01T07:05:47Z;2021-02-01T07:06:51Z
945461591;P2103_001;Flyer Webshop Gutschein-Codes;True;True;tomBrook GmbH,Pfälzerstraße 23,26607 Aurich;None;None;None;project;None;0.0;EUR;None;None;False;90.0;False;760640062;tomBrook GmbH (tomBrook);;;933610101;André;Klattenberg;;2021-03-01T06:30:03Z;2021-03-09T08:44:59Z
945360122;P2011_030;Gastgeberverzeichnis 2021;True;True;Stadt Jever, Tourist-Information, Alter Markt 18, 26441 Jever;None;None;None;project;None;0.0;EUR;None;None;False;90.0;False;760518120;Tourist-Information Jever (Tourist_Info_Jever);;;933615198;Erwin;Meyer;;2020-11-12T10:10:43Z;2021-02-09T06:45:48Z
945422541;P2101_040;Gastgeberverzeichnis 2021 Versand;True;True;Stadt Jever, Tourist-Information, Alter Markt 18, 26441 Jever;None;None;None;project;None;0.0;EUR;None;None;False;90.0;False;760518120;Tourist-Information Jever (Tourist_Info_Jever);;;933615134;Thomke;Müller;;2021-01-20T10:11:47Z;2021-02-09T06:45:25Z
945446143;P2102_028;Geburtsanzeige Mats Wehmeyer;True;True;Brune-Mettcker Druck- und Verlags-GmbH, Am Markt 18, 26409 Wittmund;None;None;None;project;None;0.0;EUR;None;2021-02-13;False;90.0;False;760406040;Brune-Mettcker Druck- und Verlags-GmbH (BM);;;933610913;Mareike;Gatzke;JJK #110607;2021-02-11T11:19:50Z;2021-02-12T08:06:11Z
945088124;P1912_047;Geschäftsausstattung Medienhaus BM;True;True;Brune-Mettcker Druck- und Verlags-GmbH, Am Markt 18, 26409 Wittmund;None;None;None;project;None;0.0;EUR;None;None;False;90.0;False;760406040;Brune-Mettcker Druck- und Verlags-GmbH (BM);;;933610101;André;Klattenberg;;2019-12-16T09:28:45Z;2019-12-16T09:28:45Z
945467945;P2103_011;Geschäftskarten Markus Röben;True;True;Ostfriesische Versicherungsbörse GmbH, Kornkamp 14, 26605 Aurich;None;None;None;project;None;0.0;EUR;None;None;False;90.0;False;760526530;Ostfriesische Versicherungsbörse GmbH (OVB);;;933615197;Astrid;Funk;;2021-03-05T07:42:02Z;2021-03-09T07:12:43Z
944895754;P1902_086;Gesucht & Gefunden – Local SEO;True;True;Lemke GmbH & Co. KG, Güterstraße 44, 26389 Wilhelmshaven;None;None;None;project;None;0.0;EUR;None;None;False;90.0;False;760499156;Lemke GmbH & Co. KG;;;933613815;Christian;Hinze;;2019-02-21T14:33:00Z;2019-07-03T10:33:32Z
945175645;P2003_062;GPS  -Website-Relaunch;True;True;Gemeinnützige Gesellschaft,für Paritätische Sozialarbeit mbH Wilhelmshaven,Banter Weg 12,26389 Wilhelmshaven;None;None;None;project;30000.0;0.0;EUR;;None;False;90.0;False;760726477;Gemeinnützige Gesellschaft für Paritätische Sozialarbeit mbH Wilhelmshaven (GPS);165947;GPS  -Website-Relaunch;933613815;Christian;Hinze;;2020-03-19T15:37:18Z;2020-03-19T15:37:18Z
945424137;P2101_043;Gutschein;True;True;Brillen Babatz GmbH, Marktstraße 37, 26382 Wilhelmshaven;None;None;None;project;None;0.0;EUR;None;None;False;90.0;False;760397586;Brillen Babatz GmbH (Brillen_Babatz);;;933610914;Julia;Schmidt;;2021-01-21T11:10:14Z;2021-02-04T09:07:09Z
945466951;P2103_007;Hausverwaltung Lemke - Neue Website;True;True;Lemke GmbH & Co. KG, Güterstraße 44, 26389 Wilhelmshaven;None;None;None;project;1914.0;0.0;EUR;;None;False;90.0;False;760499156;Lemke GmbH & Co. KG;94304;Hausverwaltung Lemke - Neue Website;933613815;Christian;Hinze;;2021-03-04T10:20:17Z;2021-03-04T11:03:13Z
945465060;P2103_004;Hinweis Burg geschlossen;True;True;Erbengemeinschaft Burg Thurant Wulf/Allmers,Heide Wulf,Schloßstraße 7,26316 Varel;None;None;None;project;None;0.0;EUR;None;None;False;90.0;False;760608382;Burgverwaltung Thurant;;;933611423;Alexandra;Kirchhoff;;2021-03-03T07:37:41Z;2021-03-03T07:37:41Z
945405766;P2101_008;Höhle der Möwen;True;False;;None;None;None;project;None;0.0;EUR;None;None;False;90.0;False;760397561;DOCK26;;;933610101;André;Klattenberg;;2021-01-06T07:18:46Z;2021-01-22T10:38:16Z
945173161;P2003_051;HR.Kampagne;True;True;Gemeinnützige Gesellschaft,für Paritätische Sozialarbeit mbH Wilhelmshaven,Banter Weg 12,26389 Wilhelmshaven;None;None;None;project;200.0;0.0;EUR;;None;False;90.0;False;760726477;Gemeinnützige Gesellschaft für Paritätische Sozialarbeit mbH Wilhelmshaven (GPS);178965;HR.Kampagne;933613815;Christian;Hinze;;2020-03-17T08:02:18Z;2020-03-17T08:02:18Z
945177730;P2003_070;HR.Kampagne;True;True;Gemeinnützige Gesellschaft,für Paritätische Sozialarbeit mbH Wilhelmshaven,Banter Weg 12,26389 Wilhelmshaven;None;None;None;project;200.0;0.0;EUR;;None;False;90.0;False;760726477;Gemeinnützige Gesellschaft für Paritätische Sozialarbeit mbH Wilhelmshaven (GPS);178965;HR.Kampagne;933613815;Christian;Hinze;;2020-03-23T15:18:34Z;2021-01-07T16:00:43Z
945455584;P2102_057;Immobilienbewertungsportal;True;True;Volksbank Lingen eG,Lookenstraße 18 – 20,49808 Lingen (Ems);None;None;None;project;4800.0;0.0;EUR;;None;True;90.0;False;760930191;Volksbank Lingen eG;258028;Immobilienbewertungsportal;933613815;Christian;Hinze;;2021-02-22T12:53:56Z;2021-02-22T12:53:56Z
945468570;P2103_014;Info-Flyer ImmoCheck Aktualisierung;True;True;Volksbank Jever eG,Schloßplatz 3,26441 Jever;None;None;None;project;None;0.0;EUR;None;None;False;90.0;False;760547549;Volksbank Jever eG (Voba_Jever);;;933615134;Thomke;Müller;;2021-03-05T13:06:29Z;2021-03-05T13:07:07Z
945414628;P2101_023;Instagram-Grafiken Januar/Februar;True;False;;None;None;None;project;None;0.0;EUR;None;None;False;90.0;False;760397561;DOCK26;;;933611423;Alexandra;Kirchhoff;;2021-01-13T09:50:23Z;2021-01-19T08:25:11Z
945429946;P2101_054;Integration MessengerPeople;True;True;Nietiedt Verwaltungs-GmbH, Zum Ölhafen 6, 26384 Wilhelmshaven;None;None;None;project;400.0;0.0;EUR;;None;False;90.0;False;760567100;Nietiedt Verwaltungs-GmbH (Nietiedt);182405;Website-Erstellung / Erweiterung des Brandbooks / Digitalmarketing;933613815;Christian;Hinze;;2021-01-27T11:40:12Z;2021-02-02T04:04:20Z
945398750;P2012_062;Jahresrückblick 2020;True;True;Volksbank Jever eG,Schloßplatz 3,26441 Jever;None;None;None;project;None;0.0;EUR;None;2021-01-18;False;90.0;False;760547549;Volksbank Jever eG (Voba_Jever);;;933615198;Erwin;Meyer;;2020-12-29T06:24:08Z;2021-01-07T09:16:33Z
945354198;P2011_013;Jubiläumskampagne;True;True;Wilhelm Stettin GmbH, Bismarckplatz, 26384 Wilhelmshaven;None;None;None;project;6124.0;0.0;EUR;;None;False;90.0;False;760760764;Wilhelm Stettin GmbH (Stettin);221422;Jubiläumskampagne;933615099;Chiara;Schröter;;2020-11-05T14:22:51Z;2020-12-07T09:40:02Z
945334670;P2010_024;Kalender Leserfotos AH/JW;True;True;Brune-Mettcker Druck- und Verlags-GmbH, Am Markt 18, 26409 Wittmund;None;None;None;project;None;0.0;EUR;None;None;False;90.0;False;760406040;Brune-Mettcker Druck- und Verlags-GmbH (BM);;;933610101;André;Klattenberg;- 60 Stück von Birte an die SC weitergeleitet für die Mitarbeiter. Sie verfasst später noch einen Thekla-Beitrag.,-An die Leser deren Bilder veröffentlicht werden gehen jeweils 1 bis  2 Exemplare Adressliste folgt Versand übers DOCK.,- 4 Stück hatte Anne sich schon rausgenommen.;2020-10-14T09:36:17Z;2020-12-16T11:25:27Z
945429679;P2101_053;Kampagne Landratswahl 2021;True;True;Holger Heymann,Landkreis Wittmund,Am Markt 9,26409 Wittmund;None;None;None;project;20000.0;0.0;EUR;;None;False;90.0;False;760894789;Holger Heymann;244894;Kampagne Landratswahl 2021;933610101;André;Klattenberg;;2021-01-27T09:34:23Z;2021-02-16T15:23:13Z
945272371;P2007_055;Kassenabrechnung;True;True;Teekontor Ostfriesland,Herdetor 19-21,26427 Esens;None;None;None;project;None;0.0;EUR;None;None;False;90.0;False;760554287;Teekontor Ostfriesland (Backenköhler);;;933615198;Erwin;Meyer;;2020-07-23T07:16:31Z;2020-07-23T07:16:31Z
945355942;P2011_014;Katalog 2021;True;True;AS Bekleidungswerk GmbH,Heglitzer Straße 12,26409 Wittmund;None;None;None;project;8146.0;0.0;EUR;;None;False;90.0;False;760585727;AS Bekleidungswerk GmbH (AS);239436;Gesamtherstellung Katalog 2021;933615134;Thomke;Müller;13.11.2020 – Datenanlieferung durch modAS,KW 47/48 – Gestaltung und Umbruch der Seiten,27.11.2020 – Übermittlung der Korrekturabzüge modAS,KW 49 – Ausführung der Korrekturen,4.12.2020 – Druckfreigabe durch modAS und Übermittlung der Druckdaten,KW 51 (ca. 16.12.2020) – Auslieferung;2020-11-09T07:06:31Z;2020-12-10T07:31:24Z
945139782;P2002_017;Kommunikationsstrategie Klimaschutz;True;True;Landkreis Wittmund, Am Markt 9, 26409 Wittmund;None;None;None;project;3200.0;0.0;EUR;;None;False;90.0;False;760418923;Landkreis Wittmund (LK_WTM);168604;Kommunikationsstrategie Klimaschutz;933611423;Alexandra;Kirchhoff;;2020-02-07T15:10:50Z;2020-02-07T15:10:50Z
945417655;P2101_029;Konzeption KiTa Wilhelmshaven Süd;True;True;Gemeinnützige Gesellschaft,für Paritätische Sozialarbeit mbH Wilhelmshaven,Banter Weg 12,26389 Wilhelmshaven;None;None;None;project;None;0.0;EUR;None;None;False;90.0;False;760726477;Gemeinnützige Gesellschaft für Paritätische Sozialarbeit mbH Wilhelmshaven (GPS);;;933615134;Thomke;Müller;;2021-01-15T09:23:05Z;2021-01-15T13:31:21Z
945407406;P2101_012;Logo/Website-Entwicklung;True;True;a-MAK Maklerkontor für Immobilien GmbH,Friedrich-Ebert-Str. 45,06366 Köthen;None;None;None;project;4000.0;0.0;EUR;;None;False;90.0;False;760873349;a-MAK Maklerkontor für Immobilien GmbH;232364;Website-Entwicklung;933613815;Christian;Hinze;;2021-01-07T09:10:39Z;2021-01-07T10:03:58Z
945357476;P2011_021;MA-Portraits;True;False;;None;None;None;project;None;0.0;EUR;None;None;False;90.0;False;760397561;DOCK26;;;933610101;André;Klattenberg;;2020-11-10T09:17:26Z;2020-11-10T09:17:26Z
945451390;P2102_039;Mesh-Banner SEKO (nur Satz);True;True;Selbsthilfekontaktstelle Wittmund-Wilhelmshaven,Am Kirchplatz 5,26409 Wittmund;None;None;None;project;None;0.0;EUR;None;None;False;90.0;False;760526551;Selbsthilfekontaktstelle Wittmund-Wilhelmshaven (Selbsthilfe_WTM_WHV);;;933615197;Astrid;Funk;;2021-02-17T10:35:48Z;2021-02-18T07:21:00Z
945468020;P2103_012;Mitarbeiter einfügen;True;True;Ammermann Umwelttechnik GmbH, Am Dobben 4, 26639 Wiesmoor;None;None;None;project;None;0.0;EUR;None;None;False;90.0;False;760616424;Ammermann Umwelttechnik GmbH;;;933611423;Alexandra;Kirchhoff;;2021-03-05T08:17:16Z;2021-03-05T08:17:36Z
945460228;P2102_072;Muster Print-Advertorial;True;True;Brune-Mettcker Druck- und Verlags-GmbH, Am Markt 18, 26409 Wittmund;None;None;None;project;None;0.0;EUR;None;None;False;90.0;False;760406040;Brune-Mettcker Druck- und Verlags-GmbH (BM);;;933616551;Marketing;AH/JW;;2021-02-26T09:07:05Z;2021-03-01T07:44:20Z
945460000;P2102_071;Musterseiten Anzeigenkollektive;True;True;Brune-Mettcker Druck- und Verlags-GmbH, Am Markt 18, 26409 Wittmund;None;None;None;project;None;0.0;EUR;None;None;False;90.0;False;760406040;Brune-Mettcker Druck- und Verlags-GmbH (BM);;;933616551;Marketing;AH/JW;;2021-02-26T06:48:37Z;2021-03-01T07:45:00Z
945469455;P2103_015;Newsletter 08.03.;True;True;maschal einrichtungs- & einkaufszentrum gmbh,Altjührdener Straße 47 ,26316 Varel/Altjührden;None;None;None;project;None;0.0;EUR;None;None;False;90.0;False;760525948;maschal einrichtungs- & einkaufszentrum gmbh;;;933611423;Alexandra;Kirchhoff;;2021-03-08T09:11:01Z;2021-03-08T09:11:01Z
945287331;P2008_025;Newsletter-Setup;True;True;Nietiedt Verwaltungs-GmbH, Zum Ölhafen 6, 26384 Wilhelmshaven;None;None;None;project;900.0;0.0;EUR;;None;False;90.0;False;760567100;Nietiedt Verwaltungs-GmbH (Nietiedt);212225;Newsletter;933611423;Alexandra;Kirchhoff;;2020-08-13T13:45:17Z;2020-08-13T13:45:17Z
944869209;P1901-035;Newsletter-Support (Sponsoring);True;True;Marketing Club Weser-Ems e.V., c/o bdr werbeagentur gmbh, Im Eichengrund 1, 26125 Oldenburg;None;None;None;project;None;0.0;EUR;None;None;False;90.0;False;760513528;Marketing Club Weser-Ems e.V. (MCWE);;;933611423;Alexandra;Kirchhoff;;2019-01-14T10:59:15Z;2019-01-14T11:00:08Z
944994150;P1908_020;PK Buch - Google AdWords/Search;True;True;PK-Buch GbR, Robert Pedde und Martin Körffer, Am Bullhamm 25, 26441 Jever;None;None;None;project;1000.0;0.0;EUR;;None;False;90.0;False;760548687;PK-Buch GbR;111078;PK Buch - Google AdWords/Search;933613815;Christian;Hinze;;2019-08-13T07:54:38Z;2019-09-25T03:01:30Z
945465021;P2103_003;Plakate Immobilien-Verkauf;True;True;Reents Immobilien,Herrn André Reents,Kattrepelweg 1,26427 Dunum;None;None;None;project;98.0;0.0;EUR;;None;True;90.0;False;760856848;Reents Immobilien;272802;Plakate Immobilien-Verkauf;933615198;Erwin;Meyer;;2021-03-03T07:13:29Z;2021-03-06T04:04:05Z
945421095;P2101_039;Plakate Spendenübergabe Spendenaktion 2020;True;True;Brune-Mettcker Druck- und Verlags-GmbH, Am Markt 18, 26409 Wittmund;None;None;None;project;None;0.0;EUR;None;None;False;90.0;False;760406040;Brune-Mettcker Druck- und Verlags-GmbH (BM);;;933616551;Marketing;AH/JW;;2021-01-19T10:57:25Z;2021-01-19T11:01:12Z
945439357;P2102_010;Plakate und Regalanhänger Schlussverkauf 2021 Frischer Wind;True;True;Brillen Babatz GmbH, Marktstraße 37, 26382 Wilhelmshaven;None;None;None;project;None;0.0;EUR;None;None;False;90.0;False;760397586;Brillen Babatz GmbH (Brillen_Babatz);;;933610914;Julia;Schmidt;;2021-02-04T11:01:19Z;2021-02-04T11:02:10Z
945451958;P2102_040;Plakat Maschinenschaden;True;True;Brune-Mettcker Druck- und Verlags-GmbH, Am Markt 18, 26409 Wittmund;None;None;None;project;None;0.0;EUR;None;None;False;90.0;False;760406040;Brune-Mettcker Druck- und Verlags-GmbH (BM);;;933615134;Thomke;Müller;;2021-02-17T15:47:18Z;2021-02-17T15:47:18Z
945471009;P2103_020;Plakat Öffnugszeiten 2021 ab März;True;True;Brillen Babatz GmbH, Marktstraße 37, 26382 Wilhelmshaven;None;None;None;project;None;0.0;EUR;None;None;False;90.0;False;760397586;Brillen Babatz GmbH (Brillen_Babatz);;;933615134;Thomke;Müller;;2021-03-09T09:57:29Z;2021-03-09T09:57:29Z
945472072;P2103_023;Preisliste 2021;True;True;AS Bekleidungswerk GmbH,Heglitzer Straße 12,26409 Wittmund;None;None;None;project;558.0;0.0;EUR;None;None;False;90.0;False;760585727;AS Bekleidungswerk GmbH (AS);;;933610101;André;Klattenberg;;2021-03-10T07:36:16Z;2021-03-10T07:36:16Z
945455498;P2102_055;Preisliste Nordseeurlaub;True;True;Brune-Mettcker Druck- und Verlags-GmbH, Am Markt 18, 26409 Wittmund;None;None;None;project;None;0.0;EUR;None;None;False;90.0;False;760406040;Brune-Mettcker Druck- und Verlags-GmbH (BM);;;933610913;Mareike;Gatzke;;2021-02-22T12:10:25Z;2021-02-22T12:37:10Z
945455465;P2102_054;Produktübersicht Wahlen 2021;True;False;;None;None;None;project;None;0.0;EUR;None;None;False;90.0;False;760397561;DOCK26;;;933610914;Julia;Schmidt;;2021-02-22T11:40:04Z;2021-02-22T11:40:04Z
945445568;P2102_024;Projektmanagement;True;True;Nietiedt Verwaltungs-GmbH, Zum Ölhafen 6, 26384 Wilhelmshaven;None;None;None;project;None;0.0;EUR;None;None;False;90.0;False;760567100;Nietiedt Verwaltungs-GmbH (Nietiedt);;;933611423;Alexandra;Kirchhoff;;2021-02-10T17:42:51Z;2021-02-11T07:27:43Z
945445810;P2102_026;Projekt-Referenzen Website;True;False;;None;None;None;project;None;0.0;EUR;None;None;False;90.0;False;760397561;DOCK26;;;933615134;Thomke;Müller;die Boxshots und die Texte an Christian Hinze da er die Referenzen noch weiter textlich ausführen möchte.;2021-02-11T08:35:40Z;2021-02-11T11:53:50Z
945172787;P2003_048;Referenzen/Boxshots;True;False;;None;None;None;project;None;0.0;EUR;None;None;False;90.0;False;760397561;DOCK26;;;933610101;André;Klattenberg;;2020-03-16T15:23:07Z;2020-03-16T15:24:42Z
945412438;P2101_019;Rücksendeformular;True;True;tomBrook GmbH,Pfälzerstraße 23,26607 Aurich;None;None;None;project;None;0.0;EUR;None;2021-01-14;False;90.0;False;760640062;tomBrook GmbH (tomBrook);;;933610101;André;Klattenberg;;2021-01-12T05:36:06Z;2021-01-12T05:36:06Z
945442231;P2102_015;Rückumschläge Abo-Bestellscheine;True;True;Brune-Mettcker Druck- und Verlags-GmbH, Am Markt 18, 26409 Wittmund;None;None;None;project;None;0.0;EUR;None;2021-02-16;False;90.0;False;760406040;Brune-Mettcker Druck- und Verlags-GmbH (BM);;;933616551;Marketing;AH/JW;;2021-02-08T10:59:45Z;2021-02-08T10:59:45Z
945321473;P2009_062;Satz für Brune-Mettcker WHV 2020/09;True;True;Brune-Mettcker Druck- und Verlags-GmbH, Am Markt 18, 26409 Wittmund;None;None;None;project;None;0.0;EUR;None;None;False;65.0;False;760406040;Brune-Mettcker Druck- und Verlags-GmbH (BM);;;933610101;André;Klattenberg;;2020-09-29T11:07:46Z;2020-09-29T11:07:46Z
945066202;P1911_067;Schreibunterlagen 2021/2022;True;False;;None;None;None;project;None;0.0;EUR;None;None;False;90.0;False;760397561;DOCK26;;;933610101;André;Klattenberg;;2019-11-25T08:57:10Z;2021-02-17T07:58:08Z
945465554;P2103_005;Schulung DNN;True;True;CoastCom Consulting GmbH & Co. KG, Am Markt 20, 26409 Wittmund;None;None;None;project;65.0;0.0;EUR;None;None;False;90.0;False;760547761;CoastCom Consulting GmbH & Co. KG (CoastCom);;;933611423;Alexandra;Kirchhoff;;2021-03-03T10:39:38Z;2021-03-03T10:39:38Z
945458913;P2102_067;SD-Sätze Urlaubsantrag;True;True;Brune-Mettcker Druck- und Verlags-GmbH, Am Markt 18, 26409 Wittmund;None;None;None;project;None;0.0;EUR;None;None;False;90.0;False;760406040;Brune-Mettcker Druck- und Verlags-GmbH (BM);;;933615197;Astrid;Funk;;2021-02-25T08:35:35Z;2021-02-25T08:35:35Z
945445163;P2102_022;Social-Media-Betreuung - Peter Hansen Dachdecker- & Fassadenbau GmbH;True;True;Peter Hansen Dachdecker- & Fassadenbau GmbH,Oldebrüggestr. 20a,26382 Wilhelmshaven;None;None;None;project;315.0;0.0;EUR;None;None;False;90.0;False;760944692;Peter Hansen Dachdecker- & Fassadenbau GmbH;;;933615099;Chiara;Schröter;;2021-02-10T13:20:08Z;2021-03-05T04:04:13Z
945453038;P2102_044;Sonderseite Friseure;True;True;Brune-Mettcker Druck- und Verlags-GmbH, Am Markt 18, 26409 Wittmund;None;None;None;project;None;0.0;EUR;None;None;False;90.0;False;760406040;Brune-Mettcker Druck- und Verlags-GmbH (BM);;;933615134;Thomke;Müller;;2021-02-18T13:42:12Z;2021-02-18T15:28:13Z
944943011;P1905_039;Status Quo Newsletter;True;True;maschal einrichtungs- & einkaufszentrum gmbh,Altjührdener Straße 47 ,26316 Varel/Altjührden;None;None;None;project;None;0.0;EUR;None;None;False;90.0;False;760525948;maschal einrichtungs- & einkaufszentrum gmbh;;;933611423;Alexandra;Kirchhoff;;2019-05-14T10:21:31Z;2019-05-20T07:37:27Z
945411590;P2101_016;Stellenanzeige Azubi Hauswirtschaft;True;True;Gemeinnützige Gesellschaft,für Paritätische Sozialarbeit mbH Wilhelmshaven,Banter Weg 12,26389 Wilhelmshaven;None;None;None;project;None;0.0;EUR;None;None;False;90.0;False;760726477;Gemeinnützige Gesellschaft für Paritätische Sozialarbeit mbH Wilhelmshaven (GPS);;;933615134;Thomke;Müller;;2021-01-11T13:01:55Z;2021-01-11T13:01:55Z
945422811;P2101_041;Stellenanzeige Kontakter;True;False;;None;None;None;project;None;0.0;EUR;None;None;False;90.0;False;760397561;DOCK26;;;933610913;Mareike;Gatzke;;2021-01-20T12:02:06Z;2021-01-26T10:49:29Z
945362862;P2011_042;Stellenanzeigen Ausbildungsberufe;True;True;Brune-Mettcker Druck- und Verlags-GmbH, Am Markt 18, 26409 Wittmund;None;None;None;project;None;0.0;EUR;None;None;False;90.0;False;760406040;Brune-Mettcker Druck- und Verlags-GmbH (BM);;;933610101;André;Klattenberg;;2020-11-16T12:23:46Z;2021-01-06T12:05:50Z
945425334;P2101_044;Stellenanzeige Online Portalmanager;True;True;Brune-Mettcker Druck- und Verlags-GmbH, Am Markt 18, 26409 Wittmund;None;None;None;project;None;0.0;EUR;None;2021-01-30;False;90.0;False;760406040;Brune-Mettcker Druck- und Verlags-GmbH (BM);;;933610913;Mareike;Gatzke;ET: 30.1.2021,# 109709;2021-01-22T10:49:48Z;2021-01-27T14:35:56Z
945404291;P2101_003;Stempel;True;True;Tierarztpraxis Friesland,Dr. Jan Ennen & Dr. Jan- Philip Kriewitz,Horster Str. 12,26452 Sande- Neustadtgödens;None;None;None;project;None;0.0;EUR;None;None;False;90.0;False;760881340;Tierarztpraxis Friesland;;;933610913;Mareike;Gatzke;;2021-01-05T08:43:23Z;2021-01-05T08:43:23Z
944869569;P1901-043;subventionierte Postleitzahlen;True;True;regioVertrieb Nord GmbH, Am Markt 24, 26409 Wittmund;None;None;None;project;None;0.0;EUR;None;None;False;90.0;False;760504917;regioVertrieb Nord GmbH (regioVertrieb);;;933611423;Alexandra;Kirchhoff;Support-Projekt zur Zeiterfassung der Auswertung subventionierter Postleitzahlen;2019-01-14T14:28:15Z;2019-01-14T14:28:15Z
945428379;P2101_049;Terminblock;True;True;Brillen Babatz GmbH, Marktstraße 37, 26382 Wilhelmshaven;None;None;None;project;None;0.0;EUR;None;None;False;90.0;False;760397586;Brillen Babatz GmbH (Brillen_Babatz);;;933610914;Julia;Schmidt;;2021-01-26T10:03:33Z;2021-02-02T09:03:03Z
945455349;P2102_053;Testprojekt;True;True;Brune-Mettcker Druck- und Verlags-GmbH, Am Markt 18, 26409 Wittmund;None;None;None;project;None;0.0;EUR;None;None;False;90.0;False;760406040;Brune-Mettcker Druck- und Verlags-GmbH (BM);;;933610101;André;Klattenberg;;2021-02-22T10:52:05Z;2021-02-22T10:52:05Z
945456278;P2102_060;Überarbeitung Facebook und Instagram;True;True;Peter Hansen Dachdecker- & Fassadenbau GmbH,Oldebrüggestr. 20a,26382 Wilhelmshaven;None;None;None;project;180.0;0.0;EUR;None;None;False;90.0;False;760944692;Peter Hansen Dachdecker- & Fassadenbau GmbH;;;933611423;Alexandra;Kirchhoff;;2021-02-23T07:50:05Z;2021-02-23T08:12:17Z
945428384;P2101_050;Unternehmens-Visitenkarte allgemein;True;True;Brillen Babatz GmbH, Marktstraße 37, 26382 Wilhelmshaven;None;None;None;project;None;0.0;EUR;None;None;False;90.0;False;760397586;Brillen Babatz GmbH (Brillen_Babatz);;;933610914;Julia;Schmidt;;2021-01-26T10:04:51Z;2021-02-02T08:36:55Z
945452805;P2102_042;Videoproduktion;True;True;Gemeinnützige Gesellschaft,für Paritätische Sozialarbeit mbH Wilhelmshaven,Banter Weg 12,26389 Wilhelmshaven;None;None;None;project;2000.0;0.0;EUR;;None;False;90.0;False;760726477;Gemeinnützige Gesellschaft für Paritätische Sozialarbeit mbH Wilhelmshaven (GPS);259792;Videoproduktion;933613815;Christian;Hinze;;2021-02-18T12:16:32Z;2021-02-18T12:16:32Z
945467159;P2103_009;Visitenkarten Brun-Tatje und Schuhmann;True;True;Brillen Babatz GmbH, Marktstraße 37, 26382 Wilhelmshaven;None;None;None;project;None;0.0;EUR;None;None;False;90.0;False;760397586;Brillen Babatz GmbH (Brillen_Babatz);;;933610914;Julia;Schmidt;;2021-03-04T11:47:46Z;2021-03-04T11:49:16Z
945459844;P2102_070;Vorschulbuch;True;True;AWO Kinder Jugend und Familie Weser-Ems GmbH, Sprachheilzentrum Wilhelmshaven, mit Sprachheilkindergarten, Masurenstraße 17, 26388 Wilhelmshaven;None;None;None;project;None;0.0;EUR;None;None;False;90.0;False;760632047;AWO Kinder Jugend und Familie Weser-Ems GmbH (AWO_Weser_Ems);;;933615134;Thomke;Müller;Bitte so schnell es geht Daten liefert kul an tmu;2021-02-25T16:22:48Z;2021-03-01T08:35:25Z
945440524;P2102_012;VT-005 Versandtaschen C5 mit Fenster;True;True;Volksbank Jever eG,Schloßplatz 3,26441 Jever;None;None;None;project;None;0.0;EUR;None;None;False;90.0;False;760547549;Volksbank Jever eG (Voba_Jever);;;933615197;Astrid;Funk;in WHV bestellt bei WK gedruckt wird in WHV abgerechnet (nächstes Mal in WTM),in 2016 für 3000 Stück: 46300 € (# 21311);2021-02-05T09:17:16Z;2021-02-12T07:03:55Z
945457894;P2102_066;VT-017_Versandtaschen B4;True;True;Volksbank Jever eG,Schloßplatz 3,26441 Jever;None;None;None;project;249.0;0.0;EUR;None;None;True;90.0;False;760547549;Volksbank Jever eG (Voba_Jever);;;933615197;Astrid;Funk;;2021-02-24T10:20:16Z;2021-03-10T04:01:27Z
945308820;P2009_031;Wandkalender Als Kind in WHV 1971;True;True;Brune-Mettcker Druck- und Verlags-GmbH, Am Markt 18, 26409 Wittmund;None;None;None;project;None;0.0;EUR;None;None;False;90.0;False;760406040;Brune-Mettcker Druck- und Verlags-GmbH (BM);;;933610101;André;Klattenberg;;2020-09-14T05:42:59Z;2020-11-02T10:27:20Z
944868928;P1901-030;Webseitenbetreuung;True;True;Brillen Babatz GmbH, Marktstraße 37, 26382 Wilhelmshaven;None;None;None;project;None;0.0;EUR;None;None;False;90.0;False;760397586;Brillen Babatz GmbH (Brillen_Babatz);;;933611423;Alexandra;Kirchhoff;Dies ist der Sammelvorgang für die Betreuung der Brillen Babatz-Webseite zur Zeiterfassung. Abrechnung läuft über die Pauschale.;2019-01-14T07:51:48Z;2019-01-14T07:56:30Z
944869580;P1901-044;Webseitenbetreuung;True;True;Landkreis Wittmund, Am Markt 9, 26409 Wittmund;None;None;None;project;None;0.0;EUR;None;None;False;90.0;False;760418923;Landkreis Wittmund (LK_WTM);;;933611423;Alexandra;Kirchhoff;Durchgehendes Projekt zur Zeiterfassung der Supportaufgaben für den Landkreis Wittmund z.B.:, - Amtsblätter einpflegen, - Unterstützung bei Änderungen auf landkreis-wittmund.de;2019-01-14T14:40:50Z;2019-06-27T08:37:40Z
945245499;P2006_055;Website;True;True;Rosenstraße 38,26441 Jever;None;None;None;project;None;0.0;EUR;None;None;False;90.0;False;760608737;Susanne Winter;;;933615199;Kim;Metzer;;2020-06-26T08:33:28Z;2020-12-10T09:36:43Z
945257880;P2007_012;Website-Erstellung/Digitalmarketing;True;True;Nietiedt Verwaltungs-GmbH, Zum Ölhafen 6, 26384 Wilhelmshaven;None;None;None;project;50000.0;0.0;EUR;;None;False;90.0;False;760567100;Nietiedt Verwaltungs-GmbH (Nietiedt);182405;Website-Erstellung / Erweiterung des Brandbooks / Digitalmarketing;933613815;Christian;Hinze;;2020-07-03T11:53:23Z;2020-08-19T05:55:17Z
945259065;P2007_014;Website-Relaunch;True;True;Ingenieurbüro Mantay - Planungsbüro für Architektur Gebäudetechnik und Energieberatung,An der Junkerei 4,26389 Wilhelmshaven,Deutschland;None;None;None;project;12000.0;0.0;EUR;;None;False;90.0;False;760804892;Ingenieurbüro Mantay - Planungsbüro für Architektur Gebäudetechnik und Energieberatung;198630;Website-Relaunch;933613815;Christian;Hinze;;2020-07-06T06:58:21Z;2020-07-06T06:58:21Z
945329744;P2010_016;Website-Relaunch;True;True;Ingenieurbüro Mantay - Planungsbüro für Architektur Gebäudetechnik und Energieberatung,An der Junkerei 4,26389 Wilhelmshaven,Deutschland;None;None;None;project;10000.0;0.0;EUR;;None;False;90.0;False;760804892;Ingenieurbüro Mantay - Planungsbüro für Architektur Gebäudetechnik und Energieberatung;198630;Website-Relaunch;933613815;Christian;Hinze;;2020-10-08T07:32:11Z;2021-02-01T14:30:57Z
945442591;P2102_018;Website-Relaunch "Mein-Immocheck";True;True;Volksbank Jever Immobilien GmbH,Schloßplatz 3,26441 Jever;None;None;None;project;1575.0;0.0;EUR;;None;True;90.0;False;760496042;Volksbank Jever Immobilien GmbH (Voba_Immo_Jever);264614;Website-Relaunch "Mein-Immocheck";933613815;Christian;Hinze;;2021-02-08T14:07:24Z;2021-02-08T14:07:46Z
945435549;P2102_003;Website-Support & Social-Media-Betreuung 2021;True;True;Stadtwerke-Verkehrsgesellschaft Wilhelmshaven GmbH, Freiligrathstraße 416, 26386 Wilhelmshaven;None;None;None;project;525.0;0.0;EUR;;None;True;90.0;False;760496034;Stadtwerke-Verkehrsgesellschaft Wilhelmshaven GmbH (SWWV);233296;Stadtwerke-Verkehrsgesellschaft Wilhelmshaven GmbH - Update- & Service-Pauschale 2021;933613815;Christian;Hinze;;2021-02-01T17:24:09Z;2021-02-01T17:24:33Z
945470412;P2103_018;Website-Wartung;True;True;Nietiedt Verwaltungs-GmbH, Zum Ölhafen 6, 26384 Wilhelmshaven;None;None;None;project;800.0;0.0;EUR;;None;False;90.0;False;760567100;Nietiedt Verwaltungs-GmbH (Nietiedt);182405;Website-Erstellung / Erweiterung des Brandbooks / Digitalmarketing;933613815;Christian;Hinze;;2021-03-08T16:19:00Z;2021-03-08T16:19:00Z
944979611;P1907_057;Weiterentwicklung Cleanchilla;True;True;regioVertrieb Nord GmbH, Am Markt 24, 26409 Wittmund;None;None;None;project;130.0;0.0;EUR;;None;False;90.0;False;760504917;regioVertrieb Nord GmbH (regioVertrieb);129442;Weiterentwicklung Cleanchilla;933611423;Alexandra;Kirchhoff;;2019-07-17T09:02:24Z;2019-07-18T03:03:49Z
945417874;P2101_033;Werbespot BBS Wilhelmshaven;True;True;Gemeinnützige Gesellschaft,für Paritätische Sozialarbeit mbH Wilhelmshaven,Banter Weg 12,26389 Wilhelmshaven;None;None;None;project;None;0.0;EUR;None;None;False;90.0;False;760726477;Gemeinnützige Gesellschaft für Paritätische Sozialarbeit mbH Wilhelmshaven (GPS);;;933615134;Thomke;Müller;;2021-01-15T10:59:28Z;2021-01-15T11:00:50Z
